<?xml version="1.0" encoding="UTF-8"?>
<rsm:CrossIndustryInvoice xmlns:rsm="urn:un:unece:uncefact:data:standard:CrossIndustryInvoice:100"
                          xmlns:ram="urn:un:unece:uncefact:data:standard:ReusableAggregateBusinessInformationEntity:100"
                          xmlns:qdt="urn:un:unece:uncefact:data:standard:QualifiedDataType:100"
                          xmlns:udt="urn:un:unece:uncefact:data:standard:UnqualifiedDataType:100">
    <rsm:ExchangedDocumentContext>
        <ram:BusinessProcessSpecifiedDocumentContextParameter>
            <ram:ID>urn:fdc:peppol.eu:2017:poacc:billing:01:1.0</ram:ID>
        </ram:BusinessProcessSpecifiedDocumentContextParameter>
        <ram:GuidelineSpecifiedDocumentContextParameter>
            <ram:ID>urn:cen.eu:en16931:2017#compliant#urn:xeinkauf.de:kosit:xrechnung_3.0</ram:ID>
        </ram:GuidelineSpecifiedDocumentContextParameter>
    </rsm:ExchangedDocumentContext>
    <rsm:ExchangedDocument>
        <ram:ID>1234/78/901</ram:ID>
        <ram:TypeCode>380</ram:TypeCode>
        <ram:IssueDateTime>
            <udt:DateTimeString format="102">20160616</udt:DateTimeString>
        </ram:IssueDateTime>
        <ram:IncludedNote>
            <ram:Content>Diese Leistung ist umsatzsteuerbefreit nach § 4 Nr. 22a UStG.</ram:Content>
            <ram:SubjectCode>ADU</ram:SubjectCode>
        </ram:IncludedNote>
    </rsm:ExchangedDocument>
    <rsm:SupplyChainTradeTransaction>
        <ram:IncludedSupplyChainTradeLineItem>
            <ram:AssociatedDocumentLineDocument>
                <ram:LineID>Teilnahmegebühr</ram:LineID>
            </ram:AssociatedDocumentLineDocument>
            <ram:SpecifiedTradeProduct>
                <ram:Name>Teilnahmegebühr</ram:Name>
                <ram:Description>Anmeldung von […]</ram:Description>
            </ram:SpecifiedTradeProduct>
            <ram:SpecifiedLineTradeAgreement>
                <ram:NetPriceProductTradePrice>
                    <ram:ChargeAmount>120</ram:ChargeAmount>
                </ram:NetPriceProductTradePrice>
            </ram:SpecifiedLineTradeAgreement>
            <ram:SpecifiedLineTradeDelivery>
                <ram:BilledQuantity unitCode="XPP">1</ram:BilledQuantity>
            </ram:SpecifiedLineTradeDelivery>
            <ram:SpecifiedLineTradeSettlement>
                <ram:ApplicableTradeTax>
                    <ram:TypeCode>VAT</ram:TypeCode>
                    <ram:CategoryCode>O</ram:CategoryCode>
                </ram:ApplicableTradeTax>
                <ram:SpecifiedTradeSettlementLineMonetarySummation>
                    <ram:LineTotalAmount>120</ram:LineTotalAmount>
                </ram:SpecifiedTradeSettlementLineMonetarySummation>
            </ram:SpecifiedLineTradeSettlement>
        </ram:IncludedSupplyChainTradeLineItem>
        <ram:ApplicableHeaderTradeAgreement>
            <ram:BuyerReference>04011000-12348-91</ram:BuyerReference>
            <ram:SellerTradeParty>
                <ram:Name>[Seller name]</ram:Name>
                <ram:Description>Vorstand: [...] (Vorsitzender), […] (Stellvertreterin), Dr. […] (Schatzmeister); Beirat: […] (Vorsitzender); Geschäftsführung: […], AG […], FA für Körperschaften […]</ram:Description>
                <ram:SpecifiedLegalOrganization>
                    <ram:ID>VR 12345 Nz</ram:ID>
                    <ram:TradingBusinessName>[Seller trading name]</ram:TradingBusinessName>
                </ram:SpecifiedLegalOrganization>
                <ram:DefinedTradeContact>
                    <ram:PersonName>[…]</ram:PersonName>
                    <ram:TelephoneUniversalCommunication>
                        <ram:CompleteNumber>+49 (0)12-345678-90</ram:CompleteNumber>
                    </ram:TelephoneUniversalCommunication>
                    <ram:EmailURIUniversalCommunication>
                        <ram:URIID>mail@seller.eu</ram:URIID>
                    </ram:EmailURIUniversalCommunication>
                </ram:DefinedTradeContact>
                <ram:PostalTradeAddress>
                    <ram:PostcodeCode>12345</ram:PostcodeCode>
                    <ram:LineOne>[Seller address line 1]</ram:LineOne>
                    <ram:LineTwo>[Seller address line 2]</ram:LineTwo>
                    <ram:CityName>[Seller city]</ram:CityName>
                    <ram:CountryID>DE</ram:CountryID>
                </ram:PostalTradeAddress>
                <ram:URIUniversalCommunication>
                    <ram:URIID schemeID="EM">seller@email.de</ram:URIID>
                </ram:URIUniversalCommunication>
                <ram:SpecifiedTaxRegistration>
                    <ram:ID schemeID="FC">12/345/67890</ram:ID>
                </ram:SpecifiedTaxRegistration>
            </ram:SellerTradeParty>
            <ram:BuyerTradeParty>
                <ram:Name>[Buyer name]</ram:Name>
                <ram:DefinedTradeContact>
                    <ram:PersonName>[Buyer contact person]</ram:PersonName>
                </ram:DefinedTradeContact>
                <ram:PostalTradeAddress>
                    <ram:PostcodeCode>12345</ram:PostcodeCode>
                    <ram:LineOne>[Buyer address line 1]</ram:LineOne>
                    <ram:LineTwo>[Buyer address line 2]</ram:LineTwo>
                    <ram:CityName>[Buyer city]</ram:CityName>
                    <ram:CountryID>DE</ram:CountryID>
                </ram:PostalTradeAddress>
                <ram:URIUniversalCommunication>
                    <ram:URIID schemeID="EM">buyer@info.de</ram:URIID>
                </ram:URIUniversalCommunication>
            </ram:BuyerTradeParty>
        </ram:ApplicableHeaderTradeAgreement>
        <ram:ApplicableHeaderTradeDelivery/>
        <ram:ApplicableHeaderTradeSettlement>
            <ram:InvoiceCurrencyCode>EUR</ram:InvoiceCurrencyCode>
            <ram:SpecifiedTradeSettlementPaymentMeans>
                <ram:TypeCode>58</ram:TypeCode>
                <ram:PayeePartyCreditorFinancialAccount>
                    <!-- dies ist eine nicht existerende aber valide IBAN als test dummy -->
                    <ram:IBANID>DE75512108001245126199</ram:IBANID>
                </ram:PayeePartyCreditorFinancialAccount>
            </ram:SpecifiedTradeSettlementPaymentMeans>
            <ram:ApplicableTradeTax>
                <ram:CalculatedAmount>0</ram:CalculatedAmount>
                <ram:TypeCode>VAT</ram:TypeCode>
                <ram:ExemptionReason>als gemeinnützig anerkannt</ram:ExemptionReason>
                <ram:BasisAmount>120</ram:BasisAmount>
                <ram:CategoryCode>O</ram:CategoryCode>
                <ram:RateApplicablePercent>0</ram:RateApplicablePercent>
            </ram:ApplicableTradeTax>
            <ram:SpecifiedTradePaymentTerms>
                <ram:Description>Wir möchten Sie bitten, die Teilnahmegebühr iHv. 120,00 € innerhalb von 14 Tagen auf das oben genannte Konto unter Angabe der Rechnungsnummer 1234/78/901 zu überweisen.</ram:Description>
            </ram:SpecifiedTradePaymentTerms>
            <ram:SpecifiedTradeSettlementHeaderMonetarySummation>
                <ram:LineTotalAmount>120</ram:LineTotalAmount>
                <ram:TaxBasisTotalAmount>120</ram:TaxBasisTotalAmount>
                <ram:TaxTotalAmount currencyID="EUR">0</ram:TaxTotalAmount>
                <ram:GrandTotalAmount>120</ram:GrandTotalAmount>
                <ram:DuePayableAmount>120</ram:DuePayableAmount>
            </ram:SpecifiedTradeSettlementHeaderMonetarySummation>
        </ram:ApplicableHeaderTradeSettlement>
    </rsm:SupplyChainTradeTransaction>
</rsm:CrossIndustryInvoice>
