<?xml version="1.0" encoding="utf-8"?>
<rsm:CrossIndustryInvoice xmlns:rsm="urn:un:unece:uncefact:data:standard:CrossIndustryInvoice:100" xmlns:ram="urn:un:unece:uncefact:data:standard:ReusableAggregateBusinessInformationEntity:100" xmlns:xs="http://www.w3.org/2001/XMLSchema" xmlns:qdt="urn:un:unece:uncefact:data:standard:QualifiedDataType:100" xmlns:udt="urn:un:unece:uncefact:data:standard:UnqualifiedDataType:100">
   <rsm:ExchangedDocumentContext>
      <ram:BusinessProcessSpecifiedDocumentContextParameter>
         <ram:ID>urn:fdc:peppol.eu:2017:poacc:billing:01:1.0</ram:ID>
      </ram:BusinessProcessSpecifiedDocumentContextParameter>
      <ram:GuidelineSpecifiedDocumentContextParameter>
         <ram:ID>urn:cen.eu:en16931:2017#compliant#urn:xeinkauf.de:kosit:xrechnung_3.0</ram:ID>
      </ram:GuidelineSpecifiedDocumentContextParameter>
   </rsm:ExchangedDocumentContext>
   <rsm:ExchangedDocument>
      <ram:ID>112233</ram:ID>
      <ram:TypeCode>380</ram:TypeCode>
      <ram:IssueDateTime>
         <udt:DateTimeString format="102">20210423</udt:DateTimeString>
      </ram:IssueDateTime>
      <ram:IncludedNote>
         <ram:Content>Rechnung enthält 100 EUR (Umsatz)Steuer auf Altteile gem. Abschn. 10.5 Abs. 3 UStAE</ram:Content>
         <ram:SubjectCode>ADU</ram:SubjectCode>
      </ram:IncludedNote>
   </rsm:ExchangedDocument>
   <rsm:SupplyChainTradeTransaction>
      <ram:IncludedSupplyChainTradeLineItem>
         <ram:AssociatedDocumentLineDocument>
            <ram:LineID>1</ram:LineID>
         </ram:AssociatedDocumentLineDocument>
         <ram:SpecifiedTradeProduct>
            <ram:Name>Neumotor</ram:Name>
         </ram:SpecifiedTradeProduct>
         <ram:SpecifiedLineTradeAgreement>
            <ram:GrossPriceProductTradePrice>
               <ram:ChargeAmount>1010.00</ram:ChargeAmount>
               <ram:AppliedTradeAllowanceCharge>
                  <ram:ChargeIndicator>
                     <udt:Indicator>false</udt:Indicator>
                  </ram:ChargeIndicator>
                  <ram:ActualAmount>10.000000000000000000</ram:ActualAmount>
               </ram:AppliedTradeAllowanceCharge>
            </ram:GrossPriceProductTradePrice>
            <ram:NetPriceProductTradePrice>
               <ram:ChargeAmount>1000.00</ram:ChargeAmount>
            </ram:NetPriceProductTradePrice>
         </ram:SpecifiedLineTradeAgreement>
         <ram:SpecifiedLineTradeDelivery>
            <ram:BilledQuantity unitCode="C62">1.00</ram:BilledQuantity>
         </ram:SpecifiedLineTradeDelivery>
         <ram:SpecifiedLineTradeSettlement>
            <ram:ApplicableTradeTax>
               <ram:TypeCode>VAT</ram:TypeCode>
               <ram:CategoryCode>S</ram:CategoryCode>
               <ram:RateApplicablePercent>19.00</ram:RateApplicablePercent>
            </ram:ApplicableTradeTax>
            <ram:SpecifiedTradeSettlementLineMonetarySummation>
               <ram:LineTotalAmount>1000.00</ram:LineTotalAmount>
            </ram:SpecifiedTradeSettlementLineMonetarySummation>
         </ram:SpecifiedLineTradeSettlement>
      </ram:IncludedSupplyChainTradeLineItem>
      <ram:IncludedSupplyChainTradeLineItem>
         <ram:AssociatedDocumentLineDocument>
            <ram:LineID>2</ram:LineID>
         </ram:AssociatedDocumentLineDocument>
         <ram:SpecifiedTradeProduct>
            <ram:Name>Bemessungsgrundlage und Umsatzsteuer auf Altteil</ram:Name>
         </ram:SpecifiedTradeProduct>
         <ram:SpecifiedLineTradeAgreement>
            <ram:GrossPriceProductTradePrice>
               <ram:ChargeAmount>110.00</ram:ChargeAmount>
               <ram:AppliedTradeAllowanceCharge>
                  <ram:ChargeIndicator>
                     <udt:Indicator>false</udt:Indicator>
                  </ram:ChargeIndicator>
                  <ram:ActualAmount>10.000000000000000000</ram:ActualAmount>
               </ram:AppliedTradeAllowanceCharge>
            </ram:GrossPriceProductTradePrice>
            <ram:NetPriceProductTradePrice>
               <ram:ChargeAmount>100.00</ram:ChargeAmount>
            </ram:NetPriceProductTradePrice>
         </ram:SpecifiedLineTradeAgreement>
         <ram:SpecifiedLineTradeDelivery>
            <ram:BilledQuantity unitCode="C62">1.00</ram:BilledQuantity>
         </ram:SpecifiedLineTradeDelivery>
         <ram:SpecifiedLineTradeSettlement>
            <ram:ApplicableTradeTax>
               <ram:TypeCode>VAT</ram:TypeCode>
               <ram:CategoryCode>S</ram:CategoryCode>
               <ram:RateApplicablePercent>19.00</ram:RateApplicablePercent>
            </ram:ApplicableTradeTax>
            <ram:SpecifiedTradeSettlementLineMonetarySummation>
               <ram:LineTotalAmount>100.00</ram:LineTotalAmount>
            </ram:SpecifiedTradeSettlementLineMonetarySummation>
         </ram:SpecifiedLineTradeSettlement>
      </ram:IncludedSupplyChainTradeLineItem>
      <ram:IncludedSupplyChainTradeLineItem>
         <ram:AssociatedDocumentLineDocument>
            <ram:LineID>3</ram:LineID>
         </ram:AssociatedDocumentLineDocument>
         <ram:SpecifiedTradeProduct>
            <ram:Name>Korrektur/Stornierung Bemessungsgrundlage der Umsatzsteuer auf Altteil</ram:Name>
         </ram:SpecifiedTradeProduct>
         <ram:SpecifiedLineTradeAgreement>
            <ram:GrossPriceProductTradePrice>
               <ram:ChargeAmount>110.00</ram:ChargeAmount>
               <ram:AppliedTradeAllowanceCharge>
                  <ram:ChargeIndicator>
                     <udt:Indicator>false</udt:Indicator>
                  </ram:ChargeIndicator>
                  <ram:ActualAmount>10.00</ram:ActualAmount>
               </ram:AppliedTradeAllowanceCharge>
            </ram:GrossPriceProductTradePrice>
            <ram:NetPriceProductTradePrice>
               <ram:ChargeAmount>100.00</ram:ChargeAmount>
            </ram:NetPriceProductTradePrice>
         </ram:SpecifiedLineTradeAgreement>
         <ram:SpecifiedLineTradeDelivery>
            <ram:BilledQuantity unitCode="C62">-1.00</ram:BilledQuantity>
         </ram:SpecifiedLineTradeDelivery>
         <ram:SpecifiedLineTradeSettlement>
            <ram:ApplicableTradeTax>
               <ram:TypeCode>VAT</ram:TypeCode>
               <ram:CategoryCode>Z</ram:CategoryCode>
               <ram:RateApplicablePercent>0.00</ram:RateApplicablePercent>
            </ram:ApplicableTradeTax>
            <ram:SpecifiedTradeSettlementLineMonetarySummation>
               <ram:LineTotalAmount>-100.00</ram:LineTotalAmount>
            </ram:SpecifiedTradeSettlementLineMonetarySummation>
         </ram:SpecifiedLineTradeSettlement>
      </ram:IncludedSupplyChainTradeLineItem>
      <ram:IncludedSupplyChainTradeLineItem>
         <ram:AssociatedDocumentLineDocument>
            <ram:LineID>4</ram:LineID>
         </ram:AssociatedDocumentLineDocument>
         <ram:SpecifiedTradeProduct>
            <ram:Name>Montage</ram:Name>
         </ram:SpecifiedTradeProduct>
         <ram:SpecifiedLineTradeAgreement>
            <ram:GrossPriceProductTradePrice>
               <ram:ChargeAmount>510.00</ram:ChargeAmount>
               <ram:AppliedTradeAllowanceCharge>
                  <ram:ChargeIndicator>
                     <udt:Indicator>false</udt:Indicator>
                  </ram:ChargeIndicator>
                  <ram:ActualAmount>10.00</ram:ActualAmount>
               </ram:AppliedTradeAllowanceCharge>
            </ram:GrossPriceProductTradePrice>
            <ram:NetPriceProductTradePrice>
               <ram:ChargeAmount>500.00</ram:ChargeAmount>
            </ram:NetPriceProductTradePrice>
         </ram:SpecifiedLineTradeAgreement>
         <ram:SpecifiedLineTradeDelivery>
            <ram:BilledQuantity unitCode="HUR">1.00</ram:BilledQuantity>
         </ram:SpecifiedLineTradeDelivery>
         <ram:SpecifiedLineTradeSettlement>
            <ram:ApplicableTradeTax>
               <ram:TypeCode>VAT</ram:TypeCode>
               <ram:CategoryCode>S</ram:CategoryCode>
               <ram:RateApplicablePercent>19.00</ram:RateApplicablePercent>
            </ram:ApplicableTradeTax>
            <ram:SpecifiedTradeSettlementLineMonetarySummation>
               <ram:LineTotalAmount>500.00</ram:LineTotalAmount>
            </ram:SpecifiedTradeSettlementLineMonetarySummation>
         </ram:SpecifiedLineTradeSettlement>
      </ram:IncludedSupplyChainTradeLineItem>
      <ram:ApplicableHeaderTradeAgreement>
         <ram:BuyerReference>991-33333TEST-33</ram:BuyerReference>
         <ram:SellerTradeParty>
            <ram:ID>116078</ram:ID>
            <ram:Name>Testverkäufer</ram:Name>
            <ram:DefinedTradeContact>
               <ram:PersonName>Test</ram:PersonName>
               <ram:TelephoneUniversalCommunication>
                  <ram:CompleteNumber>123456789</ram:CompleteNumber>
               </ram:TelephoneUniversalCommunication>
               <ram:EmailURIUniversalCommunication>
                  <ram:URIID>test@test.de</ram:URIID>
               </ram:EmailURIUniversalCommunication>
            </ram:DefinedTradeContact>
            <ram:PostalTradeAddress>
               <ram:PostcodeCode>12345</ram:PostcodeCode>
               <ram:LineOne>Teststraße </ram:LineOne>
               <ram:CityName>Testhausen</ram:CityName>
               <ram:CountryID>DE</ram:CountryID>
            </ram:PostalTradeAddress>
            <ram:URIUniversalCommunication>
               <ram:URIID schemeID="EM">seller@email.de</ram:URIID>
            </ram:URIUniversalCommunication>
            <ram:SpecifiedTaxRegistration>
               <ram:ID schemeID="FC">1121081508150</ram:ID>
            </ram:SpecifiedTaxRegistration>
            <ram:SpecifiedTaxRegistration>
               <ram:ID schemeID="VA">DE12345464867</ram:ID>
            </ram:SpecifiedTaxRegistration>
         </ram:SellerTradeParty>
         <ram:BuyerTradeParty>
            <ram:Name>Testkäufer</ram:Name>
            <ram:PostalTradeAddress>
               <ram:PostcodeCode>12345</ram:PostcodeCode>
               <ram:LineOne>Teststraße </ram:LineOne>
               <ram:CityName>Testhausen</ram:CityName>
               <ram:CountryID>DE</ram:CountryID>
            </ram:PostalTradeAddress>
            <ram:URIUniversalCommunication>
               <ram:URIID schemeID="EM">buyer@info.de</ram:URIID>
            </ram:URIUniversalCommunication>
         </ram:BuyerTradeParty>
      </ram:ApplicableHeaderTradeAgreement>
      <ram:ApplicableHeaderTradeDelivery>
         <ram:ActualDeliverySupplyChainEvent>
            <ram:OccurrenceDateTime>
               <udt:DateTimeString format="102">20201123</udt:DateTimeString>
            </ram:OccurrenceDateTime>
         </ram:ActualDeliverySupplyChainEvent>
      </ram:ApplicableHeaderTradeDelivery>
      <ram:ApplicableHeaderTradeSettlement>
         <ram:InvoiceCurrencyCode>EUR</ram:InvoiceCurrencyCode>
         <ram:SpecifiedTradeSettlementPaymentMeans>
            <ram:TypeCode>58</ram:TypeCode>
            <ram:Information>SEPA-Überweisung</ram:Information>
            <ram:PayeePartyCreditorFinancialAccount>
               <ram:IBANID>DE21081508151234123412</ram:IBANID>
               <ram:AccountName>Testkäufer</ram:AccountName>
            </ram:PayeePartyCreditorFinancialAccount>
         </ram:SpecifiedTradeSettlementPaymentMeans>
         <ram:ApplicableTradeTax>
            <ram:CalculatedAmount>304.00</ram:CalculatedAmount>
            <ram:TypeCode>VAT</ram:TypeCode>
            <ram:BasisAmount>1600.00</ram:BasisAmount>
            <ram:CategoryCode>S</ram:CategoryCode>
            <ram:RateApplicablePercent>19.00</ram:RateApplicablePercent>
         </ram:ApplicableTradeTax>
         <ram:ApplicableTradeTax>
            <ram:CalculatedAmount>0.00</ram:CalculatedAmount>
            <ram:TypeCode>VAT</ram:TypeCode>
            <ram:BasisAmount>-100.00</ram:BasisAmount>
            <ram:CategoryCode>Z</ram:CategoryCode>
            <ram:RateApplicablePercent>0.00</ram:RateApplicablePercent>
         </ram:ApplicableTradeTax>
         <ram:SpecifiedTradePaymentTerms>
            <ram:DueDateDateTime>
               <udt:DateTimeString format="102">20210428</udt:DateTimeString>
            </ram:DueDateDateTime>
         </ram:SpecifiedTradePaymentTerms>
         <ram:SpecifiedTradeSettlementHeaderMonetarySummation>
            <ram:LineTotalAmount>1500.00</ram:LineTotalAmount>
            <ram:TaxBasisTotalAmount>1500.00</ram:TaxBasisTotalAmount>
            <ram:TaxTotalAmount currencyID="EUR">304.00</ram:TaxTotalAmount>
            <ram:GrandTotalAmount>1804.00</ram:GrandTotalAmount>
            <ram:DuePayableAmount>1804.00</ram:DuePayableAmount>
         </ram:SpecifiedTradeSettlementHeaderMonetarySummation>
      </ram:ApplicableHeaderTradeSettlement>
   </rsm:SupplyChainTradeTransaction>
</rsm:CrossIndustryInvoice>